ARI,Purity,DBI,F1 Score
0.10483031808562825,0.4,2.099525308348405,0.17216117216117213
