ARI,Purity,DBI,F1 Score
0.1039132626635954,0.4774193548387097,2.3347530223694344,0.30328816920026436
