ARI,Purity,DBI,F1 Score
0.08350886565249363,0.4064516129032258,2.0424907873036404,0.22936507936507936
