ARI,Purity,DBI,F1 Score
0.06603348448509534,0.3096774193548387,1.9049980919820817,0.13111331489117387
