ARI,Purity,DBI,F1 Score
0.07297288698429102,0.2967741935483871,2.939243395557925,0.10532575657460023
