ARI,Purity,DBI,F1 Score
0.04230271563399445,0.1870967741935484,1.9689063489351668,0.06527777777777778
