ARI,Purity,DBI,F1 Score
0.12112398229998103,0.5096774193548387,2.3595748369604457,0.4127243437024936
