ARI,Purity,DBI,F1 Score
0.044436493222907485,0.2,2.2631420217065252,0.0781609195402299
