ARI,Purity,DBI,F1 Score
0.16018937629510724,0.7032258064516129,1.9034908471437526,0.6671956684092606
