ARI,Purity,DBI,F1 Score
-0.0008442499851907776,0.213,0.31521926633782826,0.12171833032630967
