ARI,Purity,DBI,F1 Score
-1.5874263413040018e-05,0.957,1.187510353441334,0.0016588949116702566
