ARI,Purity,DBI,F1 Score
-0.0019242085427135678,0.223,0.31521926633782826,0.22000000000000003
