ARI,Purity,DBI,F1 Score
-0.0008448853143534379,0.213,1.1002476955979836,0.1014319419385914
