ARI,Purity,DBI,F1 Score
-0.0019325826786337902,0.223,1.1002476955979914,0.13327697262479873
