ARI,Purity,DBI,F1 Score
2.9809887920591076e-05,0.957,1.187510353441329,0.003020306265742371
