ARI,Purity,DBI,F1 Score
2.9809887920591076e-05,0.957,1.1875103534413338,0.003020306265742371
