ARI,Purity,DBI,F1 Score
-0.008222614707572776,0.2,1.1119765212380632,0.08150633150633149
