ARI,Purity,DBI,F1 Score
-0.0018269338992478578,0.5333333333333333,1.9814995613423643,0.02795579262442918
