ARI,Purity,DBI,F1 Score
-0.002519858200706706,0.5333333333333333,1.9257361263096733,0.036936823344590336
