ARI,Purity,DBI,F1 Score
-0.004624773922881895,0.26666666666666666,1.6031003912894868,0.04834360554699538
