ARI,Purity,DBI,F1 Score
-0.004979459728619445,0.3333333333333333,1.7503748207544607,0.05479769886549548
