ARI,Purity,DBI,F1 Score
-0.005585961036352682,0.26666666666666666,1.3271372471135787,0.059830972966566184
