ARI,Purity,DBI,F1 Score
-0.007166295779428959,0.2,1.649386676377351,0.06903231903231903
