ARI,Purity,DBI,F1 Score
-0.006303679773067528,0.26666666666666666,1.1338871813900309,0.06944635758195081
