ARI,Purity,DBI,F1 Score
-0.006573088503456172,0.26666666666666666,1.159601107941035,0.07360436173995497
