ARI,Purity,DBI,F1 Score
-0.0003009710871071274,0.122,3.1667285520825517,0.03973687707641196
