ARI,Purity,DBI,F1 Score
0.6399611175935511,0.594,2.533875901929121,0.3622754147955384
