ARI,Purity,DBI,F1 Score
2.5485532405469315e-05,0.526,4.99265934410579,0.5158063225290116
