ARI,Purity,DBI,F1 Score
0.002393062123331769,0.36,4.009551670635297,0.2892216584524277
