ARI,Purity,DBI,F1 Score
0.6106027214929445,0.998,2.8110383763013544,0.46666962966255177
