ARI,Purity,DBI,F1 Score
0.5505769396921996,0.912,9.699176314685019,0.4118925595988575
