ARI,Purity,DBI,F1 Score
0.0010323511618281437,0.27,4.001607107646915,0.18086087818046065
