ARI,Purity,DBI,F1 Score
0.000604994957052148,0.246,3.562476575166277,0.13461012311901505
