ARI,Purity,DBI,F1 Score
0.9497004829800147,0.979,0.5694068630370042,0.9789798189380958
