ARI,Purity,DBI,F1 Score
-0.00037517021618715507,0.183,3.433183033585658,0.08983425893786878
