ARI,Purity,DBI,F1 Score
0.8857675895794344,0.882,0.6424040505786385,0.7629815915030393
