ARI,Purity,DBI,F1 Score
0.0005072381893069546,0.181,3.3179626662481847,0.07835438604316189
