ARI,Purity,DBI,F1 Score
0.6841967719447637,0.878,1.3757558820683913,0.4622048163203013
