ARI,Purity,DBI,F1 Score
0.0002460287682696048,0.149,3.123680482933916,0.05856492297651099
