ARI,Purity,DBI,F1 Score
0.7823635358819484,0.782,3.2293354516813624,0.5358124672639527
