ARI,Purity,DBI,F1 Score
-0.0007344352428170771,0.129,3.0441538877112375,0.046199134199134205
