ARI,Purity,DBI,F1 Score
0.7294213466091212,0.681,2.1087928623717604,0.43397031324476765
