k,distance,voting,weighting,reduction,accuracy,precision,recall,f1,efficiency,problem-solving time
1,ChebyshevDistance,MajorityClassVote,ReliefFWeighting,cnn,0.7437464985994398,0.6177703546453546,0.5772977022977022,0.5827548505689435,0.023630714416503905,0.23630714416503906
1,ChebyshevDistance,MajorityClassVote,ReliefFWeighting,enn,0.8081792717086834,0.5084978991596639,0.5586538461538461,0.5206841735696017,0.042877793312072754,0.42877793312072754
1,ChebyshevDistance,MajorityClassVote,ReliefFWeighting,drop2,0.7930497198879551,0.39652485994397757,0.5,0.4421739634731847,0.024670720100402832,0.24670720100402832
