kernel,accuracy,precision,recall,f1,efficiency,problem-solving time
linear,0.9755013623407262,0.9754814880110331,0.9755106949836649,0.9754713382801304,2.828594207763672,2.8305829524993897
poly,0.998645621664245,0.9987014283915979,0.9985956305854569,0.9986435221626054,0.6703327655792236,0.6722800970077515
rbf,0.9895371547206235,0.9899300283994726,0.9892553293858249,0.9895162864445959,1.1318200826644897,1.1338281393051148
sigmoid,0.48854936497799717,0.48289389930512006,0.4843136842211929,0.47753729662129507,4.515463590621948,4.517446398735046
