kernel,accuracy,precision,recall,f1,efficiency,problem-solving time
linear,0.8835259103641455,0.8324200799200799,0.817361804861805,0.8104545864763256,0.0014387607574462891,0.0031350374221801756
poly,0.9509453781512605,0.9375,0.9176282051282051,0.9189590918826301,0.0016762495040893554,0.0032804250717163087
rbf,0.9040021008403363,0.8439893439893439,0.808595571095571,0.8184903569138953,0.0019095897674560546,0.0034986257553100584
sigmoid,0.7880602240896357,0.4756025102348632,0.5220695970695972,0.48482575470506506,0.0016760110855102539,0.0032353639602661134
