k,distance_func,voting_func,weighting_func,reduction_func,fold1,fold2,fold3,fold4,fold5,fold6,fold7,fold8,fold9,fold10
7,ChebyshevDistance,ShepardsWorkVote,ReliefFWeighting,control,0.8148148148148148,0.8571428571428571,0.9629629629629629,0.9523809523809523,0.9629629629629629,1.0,0.9090909090909091,0.96,0.9565217391304348,0.9090909090909091
7,ChebyshevDistance,ShepardsWorkVote,ReliefFWeighting,GGCN,0.8148148148148148,0.8571428571428571,0.9629629629629629,1.0,0.9629629629629629,0.9629629629629629,0.9090909090909091,0.96,0.9565217391304348,0.9565217391304348
7,ChebyshevDistance,ShepardsWorkVote,ReliefFWeighting,ENNTH,0.8666666666666667,0.8666666666666667,0.896551724137931,0.88,0.896551724137931,0.9285714285714286,0.8333333333333334,0.8888888888888888,0.9166666666666666,0.9090909090909091
7,ChebyshevDistance,ShepardsWorkVote,ReliefFWeighting,Drop3,0.896551724137931,0.9032258064516129,0.896551724137931,0.9166666666666666,0.9285714285714286,0.9629629629629629,0.9090909090909091,0.8888888888888888,0.88,0.8333333333333334
