k,distance_func,voting_func,weighting_func,reduction_func,accuracy,f1,TP,TN,FP,FN,train_time,test_time,storage
1,ManhattanDistance,MajorityClassVote,EqualWeighting,control,0.9483870967741935,0.967479674796748,119,28,4,4,0.0005609989166259766,0.07470440864562988,139.5
1,ManhattanDistance,MajorityClassVote,EqualWeighting,GGCN,0.9354838709677419,0.9590163934426229,117,28,4,6,0.000423431396484375,0.05446124076843262,103.2
1,ManhattanDistance,MajorityClassVote,EqualWeighting,ENNTH,0.9483870967741935,0.967479674796748,119,28,4,4,0.00041961669921875,0.07297062873840332,139.5
1,ManhattanDistance,MajorityClassVote,EqualWeighting,Drop3,0.864516129032258,0.9156626506024096,114,20,12,9,0.0005185604095458984,0.06056809425354004,110.9
