k,distance_func,voting_func,weighting_func,reduction_func,fold1,fold2,fold3,fold4,fold5,fold6,fold7,fold8,fold9,fold10
7,ManhattanDistance,MajorityClassVote,EqualWeighting,control,0.9629629629629629,0.9684684684684685,0.9642105263157895,0.9785407725321889,0.9673469387755103,0.9583333333333334,0.9802197802197802,0.989648033126294,0.9619238476953907,0.9604989604989606
7,ManhattanDistance,MajorityClassVote,EqualWeighting,GGCN,0.9656652360515021,0.968609865470852,0.9665271966527197,0.9829059829059829,0.9577464788732394,0.9606625258799172,0.9868421052631579,0.9855670103092784,0.9700598802395209,0.9669421487603306
7,ManhattanDistance,MajorityClassVote,EqualWeighting,ENNTH,0.926829268292683,0.9269406392694064,0.9313304721030042,0.9439655172413793,0.9346938775510204,0.9291666666666667,0.9557522123893806,0.9790794979079498,0.9311740890688259,0.9416666666666667
7,ManhattanDistance,MajorityClassVote,EqualWeighting,Drop3,0.9362637362637363,0.9342403628117913,0.9449152542372882,0.9439655172413793,0.9390243902439024,0.941908713692946,0.9626373626373627,0.9790794979079498,0.9395161290322581,0.9480249480249481
