k,distance_func,voting_func,weighting_func,reduction_func,fold1,fold2,fold3,fold4,fold5,fold6,fold7,fold8,fold9,fold10
7,ManhattanDistance,MajorityClassVote,EqualWeighting,control,0.8148148148148148,0.9333333333333333,0.88,0.8333333333333334,1.0,0.9629629629629629,0.9090909090909091,0.96,0.9090909090909091,0.9166666666666666
7,ManhattanDistance,MajorityClassVote,EqualWeighting,GGCN,0.8148148148148148,0.9333333333333333,0.9166666666666666,0.8333333333333334,1.0,1.0,0.9090909090909091,0.96,0.9090909090909091,0.9166666666666666
7,ManhattanDistance,MajorityClassVote,EqualWeighting,ENNTH,0.88,0.9285714285714286,0.9166666666666666,0.8333333333333334,1.0,0.9285714285714286,0.9090909090909091,0.9166666666666666,0.8695652173913043,0.9166666666666666
7,ManhattanDistance,MajorityClassVote,EqualWeighting,Drop3,0.8148148148148148,0.9655172413793104,0.9230769230769231,0.88,1.0,0.9629629629629629,0.9565217391304348,0.96,0.8695652173913043,0.9565217391304348
