ARI,Purity,DBI,F1 Score
0.2786005109470757,0.4293451501723289,1.7581562947937577,0.12023652813472911
