ARI,Purity,DBI,F1 Score
0.12544169595635088,0.8404726735598228,1.6703516293627536,0.629954517094268
