ARI,Purity,DBI,F1 Score
0.4711530240463399,0.7298129000492368,1.7398124468466314,0.5062745019538815
