ARI,Purity,DBI,F1 Score
0.3096430537786964,0.4916297390448055,1.98317064853609,0.30687175357381713
