ARI,Purity,DBI,F1 Score
0.41513077155035893,0.6125061546036435,2.049630688536828,0.29945742488823435
