ARI,Purity,DBI,F1 Score
0.2598140756750818,0.397341211225997,2.445610990679565,0.1877716419887956
