ARI,Purity,DBI,F1 Score
0.19213936362625816,0.3495814869522403,2.836606158950213,0.14427572755427873
