ARI,Purity,DBI,F1 Score
0.21329533293345385,0.3229935992122107,2.2578213748168126,0.11987464820652514
