ARI,Purity,DBI,F1 Score
0.27607860976937654,0.4529788281634663,2.4617720993880186,0.13816959453406452
