ARI,Purity,DBI,F1 Score
-0.0491249428949445,0.4129032258064516,1.901883773303174,0.04861111111111111
