ARI,Purity,DBI,F1 Score
-0.036258505082637255,0.3935483870967742,2.0786183551074675,0.06451612903225806
