ARI,Purity,DBI,F1 Score
-0.07627086615326781,0.4645161290322581,2.202893705279478,0.03983516483516484
