ARI,Purity,DBI,F1 Score
-0.012417287312119742,0.44516129032258067,2.4197286921652528,0.07216494845360824
