ARI,Purity,DBI,F1 Score
-0.09182679561389762,0.4645161290322581,1.9025821190937966,0.03983516483516484
