ARI,Purity,DBI,F1 Score
-0.042773375390009166,0.4,2.1223044666990067,0.06769518466573166
