ARI,Purity,DBI,F1 Score
-0.04108924798861721,0.38064516129032255,1.9805441895457467,0.07213672725644198
