ARI,Purity,DBI,F1 Score
-0.03736100052252619,0.41935483870967744,1.9708016853438033,0.09400997373505965
