ARI,Purity,DBI,F1 Score
-0.05284348436426926,0.3935483870967742,1.8226290168211239,0.036290322580645164
