ARI,Purity,DBI,F1 Score
-0.06265836536268432,0.4645161290322581,2.086287809387742,0.0506993006993007
