ARI,Purity,DBI,F1 Score
-0.0057651153035779374,0.45806451612903226,2.2240707232115797,0.08157413563829788
