ARI,Purity,DBI,F1 Score
-0.03671258492850609,0.3935483870967742,1.9308413773990054,0.05806451612903226
