ARI,Purity,DBI,F1 Score
-0.05727485249916509,0.4,2.239331157026894,0.05677819284283472
