ARI,Purity,DBI,F1 Score
-0.029105311406276743,0.432258064516129,1.9401405222854637,0.07589806229526401
