ARI,Purity,DBI,F1 Score
-0.046251880512958386,0.41935483870967744,3.3229248223274106,0.1116713070960945
