ARI,Purity,DBI,F1 Score
-0.070565440311977,0.41935483870967744,1.7671252076584665,0.03038524145415084
