ARI,Purity,DBI,F1 Score
-0.02540063800636997,0.44516129032258067,2.2504888379828762,0.0741810774858663
