ARI,Purity,DBI,F1 Score
-0.03021355352569585,0.4064516129032258,1.6271578891587344,0.03225806451612903
