ARI,Purity,DBI,F1 Score
-0.060119769191790594,0.3935483870967742,1.6929617109849895,0.03415559772296015
