ARI,Purity,DBI,F1 Score
-0.004362475003191082,0.4258064516129032,2.2952088845579732,0.07258064516129033
