ARI,Purity,DBI,F1 Score
-0.06056632680561747,0.47096774193548385,1.7859882208594084,0.06904761904761905
