ARI,Purity,DBI,F1 Score
-0.08421946433057566,0.4645161290322581,2.168705105613849,0.03983516483516484
