ARI,Purity,DBI,F1 Score
-0.030346489046389855,0.4,3.147942899267028,0.09938288661692918
