ARI,Purity,DBI,F1 Score
0.05113715428821515,0.3096774193548387,2.5613509622617947,0.0
