ARI,Purity,DBI,F1 Score
-0.03566729405708315,0.3935483870967742,2.501178216434003,0.11965856723921241
