ARI,Purity,DBI,F1 Score
-0.0945618620474376,0.47096774193548385,1.7650711864594888,0.029072681704260653
