ARI,Purity,DBI,F1 Score
0.02675485640090516,0.4774193548387097,2.1166164458752523,0.06896551724137931
