ARI,Purity,DBI,F1 Score
-0.07257871768193551,0.4645161290322581,1.7004286872414829,0.03983516483516484
