ARI,Purity,DBI,F1 Score
-0.05011629686838227,0.4258064516129032,1.8733336960055416,0.047619047619047616
