ARI,Purity,DBI,F1 Score
-0.03607982482413072,0.4129032258064516,2.3935203175809874,0.08333333333333334
