ARI,Purity,DBI,F1 Score
-0.04772671524479346,0.41935483870967744,2.454842508771078,0.08830121021963244
