ARI,Purity,DBI,F1 Score
-0.03421132339664697,0.41935483870967744,1.9797814351644074,0.057731958762886594
