ARI,Purity,DBI,F1 Score
-0.06438727026806172,0.43870967741935485,1.8798244491164455,0.04
