ARI,Purity,DBI,F1 Score
-0.07037654881806762,0.432258064516129,1.5892531630785465,0.049639249639249636
