ARI,Purity,DBI,F1 Score
-0.07741771091496746,0.4645161290322581,1.9183236774961898,0.046474358974358976
