ARI,Purity,DBI,F1 Score
-0.04763739148464846,0.3935483870967742,2.0270819483267464,0.05806451612903226
