ARI,Purity,DBI,F1 Score
-0.07001328336722057,0.47096774193548385,1.6620869609592273,0.04249084249084249
