ARI,Purity,DBI,F1 Score
-0.04770167596650343,0.3935483870967742,2.859428947129317,0.044665012406947896
