ARI,Purity,DBI,F1 Score
-0.0015285516717736148,0.23870967741935484,2.2450420796216335,0.0
