ARI,Purity,DBI,F1 Score
-0.03584913155839603,0.4258064516129032,1.6054687870790483,0.03191489361702128
