ARI,Purity,DBI,F1 Score
-0.06848292536299441,0.47096774193548385,1.9979221804298553,0.046031746031746035
