ARI,Purity,DBI,F1 Score
-0.029662185483143574,0.41935483870967744,1.9438106620888762,0.08247422680412371
