ARI,Purity,DBI,F1 Score
-0.037361526942558516,0.4064516129032258,2.1065734309933535,0.0854241338112306
