ARI,Purity,DBI,F1 Score
-0.04826223381195323,0.3870967741935484,2.1764656119366457,0.04192546583850932
