ARI,Purity,DBI,F1 Score
-0.07187779219674084,0.4645161290322581,1.5636020808083737,0.030982905982905984
