ARI,Purity,DBI,F1 Score
-0.05957143249254411,0.4,1.67873194300812,0.032810950964691526
