ARI,Purity,DBI,F1 Score
-0.06535647913196957,0.4645161290322581,1.9824144477828884,0.0506993006993007
