ARI,Purity,DBI,F1 Score
-0.058996702871526994,0.47096774193548385,2.3810055897236886,0.06904761904761905
