ARI,Purity,DBI,F1 Score
0.004416326250976225,0.4258064516129032,1.7815779180058675,0.08294930875576037
