ARI,Purity,DBI,F1 Score
-0.0027788045050373437,0.49032258064516127,1.9282620245765012,0.04810996563573883
