ARI,Purity,DBI,F1 Score
-0.011988762249818641,0.4258064516129032,2.258133476235994,0.07417582417582418
