ARI,Purity,DBI,F1 Score
0.052391512725868616,0.32903225806451614,2.001939311102048,0.0
