ARI,Purity,DBI,F1 Score
-0.062327120287434416,0.43870967741935485,1.7512262755451573,0.04307692307692308
