ARI,Purity,DBI,F1 Score
-0.04631316442510657,0.432258064516129,1.8837423612779447,0.06014392288902092
