ARI,Purity,DBI,F1 Score
-0.055425205444400064,0.4645161290322581,3.235132511897146,0.06971153846153846
