ARI,Purity,DBI,F1 Score
-0.009409993753779477,0.4258064516129032,2.183707515622447,0.07526881720430108
