ARI,Purity,DBI,F1 Score
0.001191902936203567,0.4645161290322581,2.3145256432274497,0.09331019857335647
