ARI,Purity,DBI,F1 Score
-0.022279404049381238,0.4258064516129032,2.1779000775077533,0.05934065934065934
