ARI,Purity,DBI,F1 Score
-0.031930341309059966,0.432258064516129,1.593965461310953,0.03191489361702128
