ARI,Purity,DBI,F1 Score
-0.098978781729577,0.47096774193548385,1.5209966934754138,0.022448979591836733
