ARI,Purity,DBI,F1 Score
-0.06666470890615789,0.47096774193548385,2.0179203973394784,0.05021645021645022
