ARI,Purity,DBI,F1 Score
-0.02246594945440031,0.432258064516129,2.1656622241015,0.044665012406947896
