ARI,Purity,DBI,F1 Score
-0.02510510668607019,0.4258064516129032,1.697833475310925,0.044665012406947896
