ARI,Purity,DBI,F1 Score
-0.013008784371812474,0.432258064516129,1.7520434746976494,0.12880627313617005
