ARI,Purity,DBI,F1 Score
-0.04134086316269137,0.38064516129032255,1.935105947640128,0.06698410388098183
