ARI,Purity,DBI,F1 Score
-0.063099312131205,0.4,1.6896450833525725,0.033792240300375476
