ARI,Purity,DBI,F1 Score
-0.026594038338985503,0.4258064516129032,2.088903746634731,0.048387096774193554
