ARI,Purity,DBI,F1 Score
-0.05868054331599293,0.3935483870967742,1.5961793399690785,0.037426023172459785
