ARI,Purity,DBI,F1 Score
-0.0318229626174668,0.4258064516129032,1.9743973439197078,0.08778103616813294
