ARI,Purity,DBI,F1 Score
-0.08650547704611171,0.47096774193548385,2.0708152146560708,0.039455782312925174
