ARI,Purity,DBI,F1 Score
0.0022754620210235065,0.47096774193548385,2.075065082782101,0.1584788294338022
