ARI,Purity,DBI,F1 Score
-0.07710013744800842,0.47096774193548385,1.5467654320755726,0.050900360144057626
