ARI,Purity,DBI,F1 Score
-0.055676955491196466,0.4129032258064516,1.843702808636584,0.03888888888888889
