ARI,Purity,DBI,F1 Score
-0.07104340370184606,0.4129032258064516,1.7407741973193351,0.030701754385964914
