ARI,Purity,DBI,F1 Score
-0.021267810417195034,0.3935483870967742,2.820390341218137,0.09623834530061089
