ARI,Purity,DBI,F1 Score
-0.0732049738825349,0.41935483870967744,1.726031773230744,0.037201515552031016
