ARI,Purity,DBI,F1 Score
-0.033930970273058386,0.4064516129032258,1.8049538770737572,0.036290322580645164
