ARI,Purity,DBI,F1 Score
-0.07395482545725363,0.4645161290322581,2.1679027602745835,0.05576923076923077
