ARI,Purity,DBI,F1 Score
-0.07606999485840618,0.41935483870967744,1.870748372250352,0.03038524145415084
