ARI,Purity,DBI,F1 Score
-0.08724564866900093,0.4645161290322581,1.997863034683459,0.03825475599669148
