ARI,Purity,DBI,F1 Score
-0.026274254826591154,0.4,2.356001031533213,0.11084384771817804
