ARI,Purity,DBI,F1 Score
-0.06308604314104987,0.4258064516129032,1.8674453155855342,0.04081632653061224
