ARI,Purity,DBI,F1 Score
-0.028300839812346393,0.4258064516129032,2.0681288319071816,0.09576113036523594
