ARI,Purity,DBI,F1 Score
0.06250805237550136,0.33548387096774196,1.8553164486775,0.008333333333333333
