ARI,Purity,DBI,F1 Score
-0.032130849948897214,0.4258064516129032,1.7316921954960953,0.032073310423825885
