ARI,Purity,DBI,F1 Score
-0.03717847023426881,0.3935483870967742,1.7403430895387413,0.08214237103579693
