ARI,Purity,DBI,F1 Score
-0.027350825697357885,0.41935483870967744,1.8217833228969775,0.11490107900951735
