ARI,Purity,DBI,F1 Score
-0.06921247231704433,0.45806451612903226,1.9205157006189646,0.04692556634304207
