ARI,Purity,DBI,F1 Score
0.016328140512715212,0.41935483870967744,2.0282874206428003,0.08695652173913045
