ARI,Purity,DBI,F1 Score
-0.018863598453470565,0.41935483870967744,1.548990057529567,0.1449742268041237
