ARI,Purity,DBI,F1 Score
-0.049233228322405675,0.38064516129032255,2.2624904363516505,0.03956043956043956
