ARI,Purity,DBI,F1 Score
-0.01603453544104818,0.4064516129032258,2.478730074332338,0.08294930875576037
