ARI,Purity,DBI,F1 Score
-0.045875738192499474,0.3935483870967742,2.258070716318924,0.048387096774193554
