ARI,Purity,DBI,F1 Score
-0.03308651842712346,0.3870967741935484,2.3158989458907877,0.07608695652173914
