ARI,Purity,DBI,F1 Score
-0.06790111501048697,0.4129032258064516,1.628806963577789,0.029166666666666667
