ARI,Purity,DBI,F1 Score
-0.06387711659521236,0.45806451612903226,2.2397424949190357,0.041822255414488425
