ARI,Purity,DBI,F1 Score
-0.019375933837452553,0.4,2.700712197125398,0.07180851063829788
