ARI,Purity,DBI,F1 Score
-0.055646394727746996,0.3935483870967742,1.8408989147023276,0.03225806451612903
