ARI,Purity,DBI,F1 Score
-0.02065562825545726,0.4258064516129032,1.634337918340328,0.07107559107559108
