ARI,Purity,DBI,F1 Score
-0.07205024879301614,0.41935483870967744,1.9396717127367449,0.03848797250859106
