ARI,Purity,DBI,F1 Score
-0.0783933704628501,0.47096774193548385,2.077201206515252,0.03682539682539683
