ARI,Purity,DBI,F1 Score
-0.05405343488728855,0.4258064516129032,2.1341103134502264,0.07608846849353178
