ARI,Purity,DBI,F1 Score
-0.07193120558200666,0.41935483870967744,2.0684282711054505,0.03038524145415084
