ARI,Purity,DBI,F1 Score
-0.002089081175871794,0.2129032258064516,1.6534841854335631,0.0
