ARI,Purity,DBI,F1 Score
-0.08265803916507455,0.47096774193548385,2.1586520829627256,0.039455782312925174
