ARI,Purity,DBI,F1 Score
-0.03871831778690082,0.4,2.789030009536189,0.06382978723404256
