ARI,Purity,DBI,F1 Score
-0.05153010396569521,0.4,2.592861298440807,0.05433228874594536
