ARI,Purity,DBI,F1 Score
-0.02960606330890102,0.4,2.3874325387019044,0.06382978723404256
