ARI,Purity,DBI,F1 Score
-0.07288297583033577,0.41935483870967744,1.7350905277250162,0.03038524145415084
