ARI,Purity,DBI,F1 Score
-0.036009848242660285,0.36129032258064514,2.180948729423761,0.026053572475235917
