ARI,Purity,DBI,F1 Score
0.017713623444652132,0.4774193548387097,1.906550124560543,0.03940886699507389
