ARI,Purity,DBI,F1 Score
-0.04409271778123184,0.3935483870967742,2.0611339188451367,0.05806451612903226
