ARI,Purity,DBI,F1 Score
-0.036467714125833404,0.38064516129032255,1.7837370963402517,0.04564666103127642
