ARI,Purity,DBI,F1 Score
-0.038408250944066406,0.3935483870967742,1.8696322813926076,0.03225806451612903
