ARI,Purity,DBI,F1 Score
-0.047103144544348136,0.38064516129032255,1.8616853256816925,0.03490627020038785
