ARI,Purity,DBI,F1 Score
-0.014314968655153578,0.43870967741935485,2.0533857950439787,0.15131906421105026
