ARI,Purity,DBI,F1 Score
-0.009767514165023096,0.2838709677419355,2.566978081636428,0.0
