ARI,Purity,DBI,F1 Score
-0.08283785535311425,0.4645161290322581,1.9330114171398909,0.04289940828402367
