ARI,Purity,DBI,F1 Score
-0.05961453408040575,0.4645161290322581,2.281406412656159,0.06196581196581197
