ARI,Purity,DBI,F1 Score
-0.08045400910681458,0.4645161290322581,1.8512258089459812,0.030982905982905984
