ARI,Purity,DBI,F1 Score
-0.06187938872605646,0.4645161290322581,1.7314301331048165,0.06196581196581197
