ARI,Purity,DBI,F1 Score
-0.08774389643876203,0.4645161290322581,1.6632825282272887,0.03717948717948718
