ARI,Purity,DBI,F1 Score
0.01930374827609222,0.43870967741935485,2.1064267062513573,0.021482277121374866
