ARI,Purity,DBI,F1 Score
-0.025257276671541692,0.4258064516129032,2.3713924060298384,0.048387096774193554
