ARI,Purity,DBI,F1 Score
-0.08279079195696837,0.4645161290322581,1.710885177785668,0.030982905982905984
