ARI,Purity,DBI,F1 Score
0.018389846046314256,0.3161290322580645,2.7019410155455263,0.04513888888888889
