ARI,Purity,DBI,F1 Score
-0.06836936072823072,0.4129032258064516,1.7999214756298003,0.036458333333333336
