ARI,Purity,DBI,F1 Score
-0.0660601556025631,0.43870967741935485,1.7849997004049873,0.04
