ARI,Purity,DBI,F1 Score
-0.07271274756934652,0.4645161290322581,2.1031802891939133,0.099002849002849
