ARI,Purity,DBI,F1 Score
-0.08484106623553962,0.47096774193548385,2.3202725067029553,0.07866419294990724
