ARI,Purity,DBI,F1 Score
-0.04149768897537549,0.3935483870967742,1.3849384946256125,0.027649769585253458
