ARI,Purity,DBI,F1 Score
-0.01791196547223463,0.4258064516129032,2.2060276229189153,0.07258064516129033
