ARI,Purity,DBI,F1 Score
-0.030266054464944573,0.4129032258064516,1.8402925257988392,0.03590425531914894
