ARI,Purity,DBI,F1 Score
-0.04555313843760533,0.3935483870967742,1.8621696744165974,0.08104145200919395
