ARI,Purity,DBI,F1 Score
-0.038240982802659626,0.3935483870967742,2.014872491044361,0.08773216031280548
