ARI,Purity,DBI,F1 Score
-0.06683833339564693,0.3935483870967742,1.8949338690151971,0.036290322580645164
