ARI,Purity,DBI,F1 Score
-0.047696076857987706,0.3935483870967742,2.317359447454184,0.048387096774193554
