ARI,Purity,DBI,F1 Score
-0.020631326779110323,0.432258064516129,1.6945744060798216,0.08803298299581304
