ARI,Purity,DBI,F1 Score
-0.03154593583368263,0.4258064516129032,1.8682583629360543,0.044665012406947896
