ARI,Purity,DBI,F1 Score
-0.04425089197094846,0.38064516129032255,1.8584898899077769,0.0468873558203583
