ARI,Purity,DBI,F1 Score
-0.01731306442612947,0.4,2.069123929171441,0.07180851063829788
