ARI,Purity,DBI,F1 Score
-0.06086521871162068,0.4,2.4752186891791745,0.03590425531914894
