ARI,Purity,DBI,F1 Score
-0.04063278514823848,0.41935483870967744,2.287966581740548,0.11692204848598794
