ARI,Purity,DBI,F1 Score
-0.016633986707533726,0.38064516129032255,1.7377327892034695,0.07417582417582418
