ARI,Purity,DBI,F1 Score
-0.06575197889182058,0.4645161290322581,2.3789603591405837,0.12918060200668896
