ARI,Purity,DBI,F1 Score
-0.0411670351310991,0.3935483870967742,2.2312252316375343,0.08045466090932182
