ARI,Purity,DBI,F1 Score
-0.0829415585743926,0.4645161290322581,1.8097432173880532,0.0315018315018315
