ARI,Purity,DBI,F1 Score
-0.03195413613269137,0.3935483870967742,2.115355888184558,0.06451612903225806
