ARI,Purity,DBI,F1 Score
0.010895491068792947,0.2,2.058696113252975,0.0
