ARI,Purity,DBI,F1 Score
-0.08526806156314688,0.4645161290322581,1.6922242844461128,0.03717948717948718
