ARI,Purity,DBI,F1 Score
-0.03501608740604718,0.41935483870967744,2.026152511604442,0.041237113402061855
