ARI,Purity,DBI,F1 Score
-0.05292716258094146,0.3935483870967742,1.8586988772807644,0.03870967741935484
