ARI,Purity,DBI,F1 Score
-0.060039243663182126,0.38064516129032255,1.63651107591503,0.026973026973026972
