ARI,Purity,DBI,F1 Score
-0.07121236365583981,0.4645161290322581,1.7587376281254454,0.07205979038558225
