ARI,Purity,DBI,F1 Score
-0.026778159084113004,0.4,2.7935248405286823,0.07180851063829788
