ARI,Purity,DBI,F1 Score
-0.02911597844255746,0.3935483870967742,2.289523374793416,0.07258064516129033
