ARI,Purity,DBI,F1 Score
-0.05326344191603259,0.47096774193548385,2.0927379587827635,0.06904761904761905
