ARI,Purity,DBI,F1 Score
-0.03778513930338812,0.4,2.147011796420762,0.13126270657621933
