ARI,Purity,DBI,F1 Score
-0.05575042784453714,0.4645161290322581,2.30613395065859,0.06971153846153846
