ARI,Purity,DBI,F1 Score
-0.08034437652711163,0.432258064516129,2.102396413251033,0.0404040404040404
