ARI,Purity,DBI,F1 Score
-0.0440707489419121,0.49032258064516127,1.903110627584008,0.04020100502512563
