ARI,Purity,DBI,F1 Score
-0.08141424835360939,0.47096774193548385,2.12724797167881,0.06137566137566138
