ARI,Purity,DBI,F1 Score
-0.009009690419303898,0.4258064516129032,1.7170118716748444,0.08294930875576037
