ARI,Purity,DBI,F1 Score
-0.0715484300910916,0.4645161290322581,1.7530542778031963,0.073501386001386
