ARI,Purity,DBI,F1 Score
-0.027373823842347378,0.4258064516129032,1.7845497319506007,0.044665012406947896
