ARI,Purity,DBI,F1 Score
-0.06784161732089597,0.3935483870967742,2.0364231357874414,0.030560271646859084
