ARI,Purity,DBI,F1 Score
-0.0552049875480564,0.4258064516129032,2.079897526481612,0.047619047619047616
