ARI,Purity,DBI,F1 Score
-0.014435830067757659,0.4,2.528862072392748,0.07258064516129033
