ARI,Purity,DBI,F1 Score
-0.02179224395760989,0.4064516129032258,1.55914181222519,0.03804347826086957
