ARI,Purity,DBI,F1 Score
-0.037188260777430315,0.4129032258064516,2.493915309999344,0.06481481481481483
