ARI,Purity,DBI,F1 Score
-0.08321225606701498,0.4645161290322581,1.4232825514869851,0.029352226720647773
