ARI,Purity,DBI,F1 Score
-0.010968459184466258,0.4258064516129032,2.1815900050345407,0.07417582417582418
