ARI,Purity,DBI,F1 Score
-0.05412864899422591,0.4645161290322581,1.9519436672721069,0.06196581196581197
