ARI,Purity,DBI,F1 Score
-0.027602636503210855,0.4064516129032258,3.128444299277152,0.07368421052631578
