ARI,Purity,DBI,F1 Score
-0.042971929191121264,0.4,1.8593815985957722,0.04103343465045593
