ARI,Purity,DBI,F1 Score
-0.07279855674169858,0.4645161290322581,2.0772326470264413,0.08419212366580787
