ARI,Purity,DBI,F1 Score
-0.013514388607549235,0.43870967741935485,2.0113253520053616,0.044665012406947896
