ARI,Purity,DBI,F1 Score
-0.015371252989531237,0.4064516129032258,2.5019038406237164,0.08294930875576037
