ARI,Purity,DBI,F1 Score
-0.02953303623038852,0.4258064516129032,1.603745622121259,0.03452685421994885
