ARI,Purity,DBI,F1 Score
-0.05291633083793631,0.3935483870967742,1.6492392869893606,0.03415559772296015
