ARI,Purity,DBI,F1 Score
0.056070202528840055,0.22580645161290322,2.5642294693180396,0.0732093023255814
