ARI,Purity,DBI,F1 Score
0.07651723628473803,0.34838709677419355,1.7751805750417062,0.08858377828629545
