ARI,Purity,DBI,F1 Score
0.1502892999645793,0.6967741935483871,1.8971246967877293,0.6615563298490128
