ARI,Purity,DBI,F1 Score
0.21147192489728206,0.7354838709677419,2.0254438470106044,0.6924156623590338
