ARI,Purity,DBI,F1 Score
0.0859929628018935,0.47096774193548385,2.3622143770356328,0.38286141482104474
