ARI,Purity,DBI,F1 Score
0.10761205172379353,0.5032258064516129,2.3679531455713128,0.4046922151884374
