ARI,Purity,DBI,F1 Score
0.07547995822635137,0.4129032258064516,2.132278007623156,0.2779761904761905
