ARI,Purity,DBI,F1 Score
0.04720228749415462,0.4129032258064516,1.9172143704201643,0.26724397590361443
