ARI,Purity,DBI,F1 Score
0.14746607599401582,0.4967741935483871,2.1427788749464916,0.25029476787030214
