ARI,Purity,DBI,F1 Score
0.05448742243858017,0.3419354838709677,2.353982705872279,0.16726546906187623
