ARI,Purity,DBI,F1 Score
0.020652599739171804,0.3032258064516129,2.5226532599506357,0.15555555555555556
