ARI,Purity,DBI,F1 Score
0.06152384997327028,0.3935483870967742,1.9775375609549937,0.1628352490421456
