ARI,Purity,DBI,F1 Score
0.04034315013104266,0.2838709677419355,2.64275135237288,0.12094572094572095
