ARI,Purity,DBI,F1 Score
0.06690770322951575,0.3096774193548387,1.82858480451783,0.14749536178107608
