ARI,Purity,DBI,F1 Score
0.06609481576033584,0.2838709677419355,2.3937739866414125,0.1130885475209192
