ARI,Purity,DBI,F1 Score
0.0336014498408136,0.2903225806451613,2.488677256845344,0.1225
