ARI,Purity,DBI,F1 Score
0.04529153035678781,0.2645161290322581,1.9224659177135461,0.09545388525780682
