ARI,Purity,DBI,F1 Score
0.03773623093863386,0.2129032258064516,2.5947016121688686,0.07770219198790627
