ARI,Purity,DBI,F1 Score
-0.0020161367706938702,0.21,3.2089999300879946,0.11942847281636462
