ARI,Purity,DBI,F1 Score
-0.001214395445729969,0.219,2.1483758134816724,0.12274970556101977
