ARI,Purity,DBI,F1 Score
-0.0010107015514860328,0.203,3.9684297960679995,0.07247165097843924
