ARI,Purity,DBI,F1 Score
-0.0006427595154173513,0.4,0.5871195380471854,0.1895035339173362
