ARI,Purity,DBI,F1 Score
-0.001563567208152404,0.211,3.968429796068,0.1165110000374901
