ARI,Purity,DBI,F1 Score
-0.00048722837160430465,0.213,2.148375813481682,0.07607395645394355
