ARI,Purity,DBI,F1 Score
-0.001431532416502947,0.4,0.5871195380471852,0.192
