ARI,Purity,DBI,F1 Score
-0.002013942532413576,0.209,2.319381390086324,0.12002164209644772
