ARI,Purity,DBI,F1 Score
-0.0010048634563717433,0.205,2.319381390086324,0.07324305376713308
