ARI,Purity,DBI,F1 Score
-0.0009034558472686848,0.6,1.1748040843813192,0.49836361356198244
