ARI,Purity,DBI,F1 Score
-0.002013942532413576,0.209,2.31938139008633,0.12002164209644772
