ARI,Purity,DBI,F1 Score
-0.001308823600136923,0.219,2.1471942221221747,0.12261868848027443
