ARI,Purity,DBI,F1 Score
-0.0018324039377450889,0.209,2.327335285127269,0.12019819689093873
