ARI,Purity,DBI,F1 Score
-0.000733907532735853,0.206,3.3210432795580473,0.07355234262109053
