ARI,Purity,DBI,F1 Score
-0.001005708816939919,0.205,2.327335285127269,0.07324305376713308
