ARI,Purity,DBI,F1 Score
-0.00048693986172611525,0.213,2.1471942221221925,0.07607395645394355
