ARI,Purity,DBI,F1 Score
-0.0009711384656848464,0.21,3.2089999300880647,0.0750116335077679
