ARI,Purity,DBI,F1 Score
-0.0009560620300751879,0.6,1.1748040843813192,0.11966666666666667
