ARI,Purity,DBI,F1 Score
-0.00129602748729392,0.209,3.3210432795580473,0.11926223200057945
