k,distance_func,voting_func,weighting_func,reduction_func,accuracy,f1,TP,TN,FP,FN,train_time,test_time,storage
1,ManhattanDistance,MajorityClassVote,EqualWeighting,control,0.9483870967741935,0.967479674796748,119,28,4,4,0.0006201267242431641,0.07554054260253906,139.5
1,ManhattanDistance,MajorityClassVote,EqualWeighting,GGCN,0.9354838709677419,0.9590163934426229,117,28,4,6,0.0005135536193847656,0.055422306060791016,103.2
1,ManhattanDistance,MajorityClassVote,EqualWeighting,ENNTH,0.9483870967741935,0.967479674796748,119,28,4,4,0.0004477500915527344,0.0735175609588623,139.5
1,ManhattanDistance,MajorityClassVote,EqualWeighting,Drop3,0.864516129032258,0.9156626506024096,114,20,12,9,0.00044417381286621094,0.058862924575805664,110.9
