k,distance_func,voting_func,weighting_func,reduction_func,accuracy,f1,TP,TN,FP,FN,train_time,test_time,storage
1,ManhattanDistance,MajorityClassVote,EqualWeighting,control,0.95,0.9508840864440079,484,466,28,22,0.0003151893615722656,0.2551100254058838,1000
1,ManhattanDistance,MajorityClassVote,EqualWeighting,cnn,0.925,0.9289099526066351,490,435,59,16,0.0003287792205810547,0.06538009643554688,189
1,ManhattanDistance,MajorityClassVote,EqualWeighting,enn,0.95,0.9508840864440079,484,466,28,22,0.00031256675720214844,0.255401611328125,1000
1,ManhattanDistance,MajorityClassVote,EqualWeighting,drop2,0.95,0.9508840864440079,484,466,28,22,0.00032591819763183594,0.25719261169433594,1000
