k,distance_func,voting_func,weighting_func,reduction_func,accuracy,f1,TP,TN,FP,FN,train_time,test_time,storage
7,ManhattanDistance,MajorityClassVote,EqualWeighting,control,0.8580645161290322,0.9126984126984127,115,18,14,8,0.0009467601776123047,0.07183980941772461,139.5
7,ManhattanDistance,MajorityClassVote,EqualWeighting,GGCN,0.8709677419354839,0.92,115,20,12,8,0.00020551681518554688,0.16764116287231445,90.8
7,ManhattanDistance,MajorityClassVote,EqualWeighting,ENNTH,0.8580645161290322,0.9112903225806451,113,20,12,10,0.0009431838989257812,0.0597689151763916,119.6
7,ManhattanDistance,MajorityClassVote,EqualWeighting,Drop3,0.8838709677419355,0.9291338582677166,118,19,13,5,0.0006308555603027344,0.05826163291931152,116.6
