k,distance_func,voting_func,weighting_func,reduction_func,accuracy,f1,TP,TN,FP,FN,train_time,test_time,storage
7,ManhattanDistance,MajorityClassVote,EqualWeighting,control,0.8580645161290322,0.9126984126984127,115,18,14,8,0.0011188983917236328,0.08776617050170898,139.5
7,ManhattanDistance,MajorityClassVote,EqualWeighting,GGCN,0.8709677419354839,0.92,115,20,12,8,0.00017070770263671875,0.18824458122253418,90.8
7,ManhattanDistance,MajorityClassVote,EqualWeighting,ENNTH,0.8580645161290322,0.9112903225806451,113,20,12,10,0.0011317729949951172,0.07393288612365723,119.6
7,ManhattanDistance,MajorityClassVote,EqualWeighting,Drop3,0.8838709677419355,0.9291338582677166,118,19,13,5,0.0007703304290771484,0.07203388214111328,116.6
