C,kernel_type,reduction_func,accuracy,f1,TP,TN,FP,FN,train_time,test_time,storage
7,rbf,control,0.9548387096774194,0.9718875502008032,121,27,5,2,0.008523702621459961,0.0036809444427490234,139.5
7,rbf,GCNN,0.9354838709677419,0.9596774193548387,119,26,6,4,0.0076351165771484375,0.0036902427673339844,103.2
7,rbf,ENNTH,0.9548387096774194,0.9718875502008032,121,27,5,2,0.0077555179595947266,0.003301382064819336,139.5
7,rbf,Drop3,0.8838709677419355,0.9291338582677166,118,19,13,5,0.005993366241455078,0.003209352493286133,110.9
