C,kernel_type,reduction_func,accuracy,f1,TP,TN,FP,FN,train_time,test_time,storage
1,linear,control,0.8838709677419355,0.9274193548387096,115,22,10,8,0.010195255279541016,0.003314971923828125,139.5
1,linear,GGCN,0.8580645161290322,0.912,114,19,13,9,0.008669853210449219,0.003123044967651367,103.2
1,linear,ENNTH,0.8838709677419355,0.9274193548387096,115,22,10,8,0.00855875015258789,0.003008604049682617,139.5
1,linear,Drop3,0.9032258064516129,0.9402390438247012,118,22,10,5,0.007294893264770508,0.0028684139251708984,110.9
