C,kernel_type,reduction_func,accuracy,f1,TP,TN,FP,FN,train_time,test_time,storage
3,poly,control,1.0,1.0,3916,4208,0,0,1.1773123741149902,0.04206514358520508,7311.6
3,poly,GGCN,0.9692269817823732,0.967260345730749,3693,4181,27,223,0.38349294662475586,0.03370499610900879,3519.8
3,poly,ENNTH,1.0,1.0,3916,4208,0,0,1.1620848178863525,0.04143643379211426,7311.6
3,poly,Drop3,1.0,1.0,3916,4208,0,0,1.1622753143310547,0.04155874252319336,7311.6
