C,kernel_type,reduction_func,accuracy,f1,TP,TN,FP,FN,train_time,test_time,storage
5,poly,control,1.0,1.0,3916,4208,0,0,1.2152752876281738,0.0370783805847168,7311.6
5,poly,GCNN,0.973781388478582,0.9721895808852331,3723,4188,20,193,0.39923739433288574,0.028621196746826172,3519.8
5,poly,ENNTH,1.0,1.0,3916,4208,0,0,1.1840999126434326,0.03433823585510254,7311.6
5,poly,Drop3,1.0,1.0,3916,4208,0,0,1.1920990943908691,0.03404426574707031,7311.6
