C,kernel_type,reduction_func,accuracy,f1,TP,TN,FP,FN,train_time,test_time,storage
50,rbf,control,0.9548387096774194,0.9714285714285714,119,29,3,4,0.00837087631225586,0.004008293151855469,139.5
50,rbf,GCNN,0.9419354838709677,0.963265306122449,118,28,4,5,0.007773399353027344,0.0036995410919189453,103.2
50,rbf,ENNTH,0.9548387096774194,0.9714285714285714,119,29,3,4,0.007942676544189453,0.003672361373901367,139.5
50,rbf,Drop3,0.8838709677419355,0.9291338582677166,118,19,13,5,0.006112337112426758,0.003511190414428711,110.9
