ARI,Purity,DBI,F1 Score
0.37298797379651505,0.999,1.3474874301709905,0.23323663731078156
