ARI,Purity,DBI,F1 Score
0.37298797379651505,0.999,0.4255126519088969,0.23323663731078156
