ARI,Purity,DBI,F1 Score
0.20986026891642498,1.0,0.9555364571331956,0.27999999999999997
